gender,count,avg_accuracy_gender,sd_accuracy_gender
Male,365,0.8032876712328767,0.263826735072079
Female,315,0.7796825396825398,0.2569416415808127
