vote_2020,count,avg_accuracy_vote,sd_accuracy_vote
Joe Biden,441,0.9326530612244898,0.11108755676949914
Donald Trump,239,0.5334728033472803,0.25954240252994454
