income,count,avg_accuracy_income,sd_accuracy_income
"Under $10,000",7,0.5,0.31622776601683794
"$10,000 to $24,999",37,0.7702702702702703,0.32220151119107715
"$25,000 to $49,999",80,0.745,0.29117831328342825
"$50,000 to $74,999",118,0.7703389830508475,0.22919753061493198
"$75,000 to $99,999",95,0.8136842105263158,0.2503659136254118
"$100,000 to $149,999",144,0.7840277777777778,0.26698607764556875
"$150,000 or more",199,0.8346733668341708,0.2423657992595663
